t,v,phase
0,0.00,bag 1
1,0.00,bag 1
2,0.00,bag 1
3,0.00,bag 1
4,0.00,bag 1
5,0.00,bag 1
6,0.00,bag 1
7,0.00,bag 1
8,0.00,bag 1
9,0.00,bag 1
10,0.00,bag 1
11,0.00,bag 1
12,0.00,bag 1
13,0.00,bag 1
14,0.00,bag 1
15,0.00,bag 1
16,0.00,bag 1
17,0.00,bag 1
18,0.00,bag 1
19,0.00,bag 1
20,0.00,bag 1
21,1.34,bag 1
22,2.64,bag 1
23,3.84,bag 1
24,5.14,bag 1
25,6.39,bag 1
26,7.56,bag 1
27,7.73,bag 1
28,8.09,bag 1
29,9.25,bag 1
30,9.70,bag 1
31,10.01,bag 1
32,10.06,bag 1
33,9.88,bag 1
34,9.61,bag 1
35,9.34,bag 1
36,9.12,bag 1
37,8.85,bag 1
38,7.60,bag 1
39,6.66,bag 1
40,6.66,bag 1
41,6.79,bag 1
42,6.93,bag 1
43,7.15,bag 1
44,7.64,bag 1
45,8.54,bag 1
46,9.43,bag 1
47,10.15,bag 1
48,10.24,bag 1
49,10.15,bag 1
50,10.10,bag 1
51,9.52,bag 1
52,8.49,bag 1
53,7.64,bag 1
54,7.06,bag 1
55,7.06,bag 1
56,7.91,bag 1
57,8.85,bag 1
58,9.66,bag 1
59,10.37,bag 1
60,10.82,bag 1
61,11.00,bag 1
62,11.13,bag 1
63,11.18,bag 1
64,11.00,bag 1
65,10.95,bag 1
66,11.04,bag 1
67,11.09,bag 1
68,11.04,bag 1
69,11.00,bag 1
70,11.00,bag 1
71,11.22,bag 1
72,11.44,bag 1
73,11.49,bag 1
74,11.36,bag 1
75,11.13,bag 1
76,11.18,bag 1
77,11.36,bag 1
78,11.62,bag 1
79,11.62,bag 1
80,11.49,bag 1
81,11.67,bag 1
82,11.94,bag 1
83,12.29,bag 1
84,12.79,bag 1
85,13.10,bag 1
86,13.32,bag 1
87,13.46,bag 1
88,13.59,bag 1
89,13.73,bag 1
90,13.73,bag 1
91,13.63,bag 1
92,13.59,bag 1
93,13.54,bag 1
94,13.59,bag 1
95,13.77,bag 1
96,13.59,bag 1
97,13.37,bag 1
98,13.19,bag 1
99,13.32,bag 1
100,13.54,bag 1
101,13.73,bag 1
102,13.81,bag 1
103,13.86,bag 1
104,13.81,bag 1
105,13.59,bag 1
106,13.32,bag 1
107,13.37,bag 1
108,13.50,bag 1
109,13.73,bag 1
110,13.95,bag 1
111,14.22,bag 1
112,14.39,bag 1
113,14.48,bag 1
114,14.39,bag 1
115,14.17,bag 1
116,12.79,bag 1
117,11.31,bag 1
118,9.84,bag 1
119,8.36,bag 1
120,6.88,bag 1
121,5.41,bag 1
122,3.93,bag 1
123,2.46,bag 1
124,0.98,bag 1
125,0.00,bag 1
126,0.00,bag 1
127,0.00,bag 1
128,0.00,bag 1
129,0.00,bag 1
130,0.00,bag 1
131,0.00,bag 1
132,0.00,bag 1
133,0.00,bag 1
134,0.00,bag 1
135,0.00,bag 1
136,0.00,bag 1
137,0.00,bag 1
138,0.00,bag 1
139,0.00,bag 1
140,0.00,bag 1
141,0.00,bag 1
142,0.00,bag 1
143,0.00,bag 1
144,0.00,bag 1
145,0.00,bag 1
146,0.00,bag 1
147,0.00,bag 1
148,0.00,bag 1
149,0.00,bag 1
150,0.00,bag 1
151,0.00,bag 1
152,0.00,bag 1
153,0.00,bag 1
154,0.00,bag 1
155,0.00,bag 1
156,0.00,bag 1
157,0.00,bag 1
158,0.00,bag 1
159,0.00,bag 1
160,0.00,bag 1
161,0.00,bag 1
162,0.00,bag 1
163,0.00,bag 1
164,1.48,bag 1
165,2.95,bag 1
166,4.43,bag 1
167,5.90,bag 1
168,7.38,bag 1
169,8.85,bag 1
170,9.93,bag 1
171,10.86,bag 1
172,11.53,bag 1
173,11.80,bag 1
174,11.49,bag 1
175,11.22,bag 1
176,11.04,bag 1
177,11.18,bag 1
178,11.27,bag 1
179,11.36,bag 1
180,11.53,bag 1
181,12.16,bag 1
182,11.85,bag 1
183,10.73,bag 1
184,10.15,bag 1
185,8.67,bag 1
186,7.91,bag 1
187,7.69,bag 1
188,8.09,bag 1
189,8.31,bag 1
190,8.94,bag 1
191,9.93,bag 1
192,10.95,bag 1
193,12.21,bag 1
194,13.63,bag 1
195,14.98,bag 1
196,16.18,bag 1
197,16.68,bag 1
198,17.57,bag 1
199,18.11,bag 1
200,18.82,bag 1
201,19.45,bag 1
202,20.16,bag 1
203,20.56,bag 1
204,20.92,bag 1
205,21.23,bag 1
206,21.23,bag 1
207,21.14,bag 1
208,21.10,bag 1
209,21.01,bag 1
210,21.01,bag 1
211,21.01,bag 1
212,21.01,bag 1
213,21.01,bag 1
214,21.10,bag 1
215,21.19,bag 1
216,21.41,bag 1
217,21.68,bag 1
218,21.95,bag 1
219,22.13,bag 1
220,22.35,bag 1
221,22.62,bag 1
222,22.80,bag 1
223,23.02,bag 1
224,23.34,bag 1
225,23.78,bag 1
226,24.19,bag 1
227,24.41,bag 1
228,24.54,bag 1
229,24.59,bag 1
230,24.54,bag 1
231,24.41,bag 1
232,24.41,bag 1
233,24.50,bag 1
234,24.63,bag 1
235,24.81,bag 1
236,24.90,bag 1
237,25.08,bag 1
238,25.17,bag 1
239,25.30,bag 1
240,25.35,bag 1
241,25.35,bag 1
242,25.26,bag 1
243,25.26,bag 1
244,25.26,bag 1
245,25.26,bag 1
246,25.26,bag 1
247,25.26,bag 1
248,25.21,bag 1
249,25.08,bag 1
250,24.94,bag 1
251,24.63,bag 1
252,24.41,bag 1
253,24.23,bag 1
254,24.14,bag 1
255,24.01,bag 1
256,23.96,bag 1
257,24.09,bag 1
258,24.14,bag 1
259,24.19,bag 1
260,24.19,bag 1
261,24.05,bag 1
262,23.87,bag 1
263,23.69,bag 1
264,23.51,bag 1
265,23.29,bag 1
266,23.43,bag 1
267,23.25,bag 1
268,23.20,bag 1
269,23.11,bag 1
270,23.02,bag 1
271,23.07,bag 1
272,23.16,bag 1
273,23.29,bag 1
274,23.47,bag 1
275,23.69,bag 1
276,23.92,bag 1
277,24.14,bag 1
278,24.54,bag 1
279,24.77,bag 1
280,24.86,bag 1
281,25.03,bag 1
282,25.03,bag 1
283,24.94,bag 1
284,24.68,bag 1
285,24.36,bag 1
286,23.96,bag 1
287,23.47,bag 1
288,23.02,bag 1
289,23.02,bag 1
290,23.02,bag 1
291,22.84,bag 1
292,22.40,bag 1
293,22.35,bag 1
294,22.40,bag 1
295,22.35,bag 1
296,22.17,bag 1
297,22.13,bag 1
298,22.13,bag 1
299,22.13,bag 1
300,21.95,bag 1
301,21.73,bag 1
302,21.50,bag 1
303,21.10,bag 1
304,20.61,bag 1
305,20.12,bag 1
306,19.58,bag 1
307,19.04,bag 1
308,18.55,bag 1
309,18.02,bag 1
310,17.21,bag 1
311,16.54,bag 1
312,15.74,bag 1
313,15.11,bag 1
314,14.53,bag 1
315,14.08,bag 1
316,13.68,bag 1
317,13.63,bag 1
318,13.41,bag 1
319,12.96,bag 1
320,12.29,bag 1
321,11.09,bag 1
322,9.61,bag 1
323,8.99,bag 1
324,8.54,bag 1
325,8.27,bag 1
326,7.60,bag 1
327,6.93,bag 1
328,5.59,bag 1
329,4.83,bag 1
330,3.58,bag 1
331,2.10,bag 1
332,0.63,bag 1
333,0.00,bag 1
334,0.00,bag 1
335,0.00,bag 1
336,0.00,bag 1
337,0.00,bag 1
338,0.00,bag 1
339,0.00,bag 1
340,0.00,bag 1
341,0.00,bag 1
342,0.00,bag 1
343,0.00,bag 1
344,0.00,bag 1
345,0.00,bag 1
346,0.00,bag 1
347,0.45,bag 1
348,1.92,bag 1
349,3.40,bag 1
350,4.87,bag 1
351,6.35,bag 1
352,7.73,bag 1
353,8.94,bag 1
354,10.06,bag 1
355,10.59,bag 1
356,11.27,bag 1
357,11.89,bag 1
358,12.56,bag 1
359,13.41,bag 1
360,13.77,bag 1
361,14.13,bag 1
362,14.35,bag 1
363,14.66,bag 1
364,15.02,bag 1
365,15.42,bag 1
366,15.47,bag 1
367,15.60,bag 1
368,15.56,bag 1
369,15.42,bag 1
370,15.51,bag 1
371,15.87,bag 1
372,16.09,bag 1
373,16.09,bag 1
374,16.09,bag 1
375,16.09,bag 1
376,16.09,bag 1
377,16.09,bag 1
378,16.14,bag 1
379,16.27,bag 1
380,16.32,bag 1
381,16.27,bag 1
382,16.09,bag 1
383,15.69,bag 1
384,15.24,bag 1
385,14.98,bag 1
386,14.04,bag 1
387,12.96,bag 1
388,11.49,bag 1
389,10.28,bag 1
390,9.08,bag 1
391,7.82,bag 1
392,6.48,bag 1
393,5.36,bag 1
394,3.89,bag 1
395,2.41,bag 1
396,0.94,bag 1
397,0.00,bag 1
398,0.00,bag 1
399,0.00,bag 1
400,0.00,bag 1
401,0.00,bag 1
402,0.00,bag 1
403,1.16,bag 1
404,2.64,bag 1
405,4.11,bag 1
406,5.59,bag 1
407,7.06,bag 1
408,8.54,bag 1
409,10.01,bag 1
410,11.18,bag 1
411,11.44,bag 1
412,12.29,bag 1
413,12.96,bag 1
414,13.41,bag 1
415,13.46,bag 1
416,13.41,bag 1
417,13.28,bag 1
418,13.10,bag 1
419,12.88,bag 1
420,12.52,bag 1
421,11.18,bag 1
422,9.70,bag 1
423,8.23,bag 1
424,6.75,bag 1
425,5.28,bag 1
426,3.80,bag 1
427,2.33,bag 1
428,0.85,bag 1
429,0.00,bag 1
430,0.00,bag 1
431,0.00,bag 1
432,0.00,bag 1
433,0.00,bag 1
434,0.00,bag 1
435,0.00,bag 1
436,0.00,bag 1
437,0.00,bag 1
438,0.00,bag 1
439,0.00,bag 1
440,0.00,bag 1
441,0.00,bag 1
442,0.00,bag 1
443,0.00,bag 1
444,0.00,bag 1
445,0.00,bag 1
446,0.00,bag 1
447,0.00,bag 1
448,1.48,bag 1
449,2.95,bag 1
450,4.43,bag 1
451,5.90,bag 1
452,7.38,bag 1
453,8.85,bag 1
454,10.33,bag 1
455,11.80,bag 1
456,12.43,bag 1
457,13.01,bag 1
458,14.08,bag 1
459,14.75,bag 1
460,15.02,bag 1
461,15.56,bag 1
462,15.69,bag 1
463,15.91,bag 1
464,16.14,bag 1
465,16.09,bag 1
466,16.14,bag 1
467,16.18,bag 1
468,16.09,bag 1
469,15.96,bag 1
470,16.09,bag 1
471,16.09,bag 1
472,15.91,bag 1
473,15.87,bag 1
474,15.83,bag 1
475,15.74,bag 1
476,15.74,bag 1
477,15.74,bag 1
478,15.74,bag 1
479,15.74,bag 1
480,15.74,bag 1
481,15.65,bag 1
482,15.69,bag 1
483,15.74,bag 1
484,15.87,bag 1
485,15.74,bag 1
486,15.65,bag 1
487,15.65,bag 1
488,15.65,bag 1
489,15.56,bag 1
490,15.47,bag 1
491,15.42,bag 1
492,14.98,bag 1
493,14.31,bag 1
494,13.46,bag 1
495,12.52,bag 1
496,11.40,bag 1
497,10.06,bag 1
498,8.85,bag 1
499,7.38,bag 1
500,5.90,bag 1
501,4.61,bag 1
502,3.22,bag 1
503,1.79,bag 1
504,0.45,bag 1
505,0.00,bag 1
506,0.00,bag 2
507,0.00,bag 2
508,0.00,bag 2
509,0.00,bag 2
510,0.00,bag 2
511,0.54,bag 2
512,1.56,bag 2
513,2.46,bag 2
514,2.91,bag 2
515,3.80,bag 2
516,4.29,bag 2
517,4.69,bag 2
518,5.32,bag 2
519,6.26,bag 2
520,7.15,bag 2
521,7.91,bag 2
522,8.49,bag 2
523,8.99,bag 2
524,9.39,bag 2
525,9.84,bag 2
526,10.28,bag 2
527,10.64,bag 2
528,10.95,bag 2
529,11.13,bag 2
530,11.18,bag 2
531,11.18,bag 2
532,11.18,bag 2
533,11.18,bag 2
534,11.18,bag 2
535,11.18,bag 2
536,11.44,bag 2
537,11.53,bag 2
538,11.62,bag 2
539,11.44,bag 2
540,11.27,bag 2
541,11.18,bag 2
542,11.18,bag 2
543,11.18,bag 2
544,10.91,bag 2
545,10.33,bag 2
546,8.85,bag 2
547,7.38,bag 2
548,5.90,bag 2
549,4.43,bag 2
550,2.95,bag 2
551,1.48,bag 2
552,0.00,bag 2
553,0.00,bag 2
554,0.00,bag 2
555,0.00,bag 2
556,0.00,bag 2
557,0.00,bag 2
558,0.00,bag 2
559,0.00,bag 2
560,0.00,bag 2
561,0.00,bag 2
562,0.00,bag 2
563,0.00,bag 2
564,0.00,bag 2
565,0.00,bag 2
566,0.00,bag 2
567,0.00,bag 2
568,0.00,bag 2
569,1.48,bag 2
570,2.95,bag 2
571,4.43,bag 2
572,5.81,bag 2
573,6.53,bag 2
574,7.15,bag 2
575,7.60,bag 2
576,7.60,bag 2
577,7.60,bag 2
578,7.82,bag 2
579,7.91,bag 2
580,7.91,bag 2
581,7.82,bag 2
582,7.60,bag 2
583,7.56,bag 2
584,7.42,bag 2
585,7.60,bag 2
586,7.64,bag 2
587,7.60,bag 2
588,7.42,bag 2
589,7.38,bag 2
590,7.38,bag 2
591,7.42,bag 2
592,7.60,bag 2
593,7.87,bag 2
594,8.27,bag 2
595,8.58,bag 2
596,9.03,bag 2
597,9.39,bag 2
598,9.43,bag 2
599,9.48,bag 2
600,9.66,bag 2
601,9.84,bag 2
602,10.01,bag 2
603,10.06,bag 2
604,10.06,bag 2
605,10.06,bag 2
606,10.15,bag 2
607,10.59,bag 2
608,11.22,bag 2
609,11.62,bag 2
610,11.85,bag 2
611,12.07,bag 2
612,11.67,bag 2
613,10.19,bag 2
614,8.72,bag 2
615,7.24,bag 2
616,5.77,bag 2
617,4.29,bag 2
618,2.82,bag 2
619,1.34,bag 2
620,0.00,bag 2
621,0.00,bag 2
622,0.00,bag 2
623,0.00,bag 2
624,0.00,bag 2
625,0.00,bag 2
626,0.00,bag 2
627,0.00,bag 2
628,0.00,bag 2
629,0.00,bag 2
630,0.00,bag 2
631,0.00,bag 2
632,0.00,bag 2
633,0.00,bag 2
634,0.00,bag 2
635,0.00,bag 2
636,0.00,bag 2
637,0.00,bag 2
638,0.00,bag 2
639,0.00,bag 2
640,0.00,bag 2
641,0.00,bag 2
642,0.00,bag 2
643,0.00,bag 2
644,0.00,bag 2
645,0.00,bag 2
646,0.89,bag 2
647,2.01,bag 2
648,3.49,bag 2
649,4.56,bag 2
650,5.59,bag 2
651,6.26,bag 2
652,6.84,bag 2
653,7.82,bag 2
654,8.76,bag 2
655,9.39,bag 2
656,9.93,bag 2
657,10.42,bag 2
658,10.95,bag 2
659,11.31,bag 2
660,11.44,bag 2
661,11.62,bag 2
662,11.67,bag 2
663,11.71,bag 2
664,11.71,bag 2
665,11.80,bag 2
666,11.85,bag 2
667,11.85,bag 2
668,11.62,bag 2
669,11.40,bag 2
670,10.55,bag 2
671,9.57,bag 2
672,8.27,bag 2
673,7.33,bag 2
674,6.48,bag 2
675,5.19,bag 2
676,3.89,bag 2
677,2.59,bag 2
678,1.56,bag 2
679,0.89,bag 2
680,0.00,bag 2
681,0.00,bag 2
682,0.00,bag 2
683,0.00,bag 2
684,0.00,bag 2
685,0.00,bag 2
686,0.00,bag 2
687,0.00,bag 2
688,0.00,bag 2
689,0.00,bag 2
690,0.00,bag 2
691,0.00,bag 2
692,0.00,bag 2
693,0.00,bag 2
694,0.63,bag 2
695,1.48,bag 2
696,1.97,bag 2
697,2.91,bag 2
698,4.11,bag 2
699,5.05,bag 2
700,6.04,bag 2
701,6.53,bag 2
702,7.33,bag 2
703,7.47,bag 2
704,7.38,bag 2
705,7.38,bag 2
706,8.14,bag 2
707,8.58,bag 2
708,8.99,bag 2
709,9.61,bag 2
710,10.06,bag 2
711,10.06,bag 2
712,9.88,bag 2
713,10.15,bag 2
714,10.42,bag 2
715,10.51,bag 2
716,10.06,bag 2
717,9.66,bag 2
718,9.16,bag 2
719,8.05,bag 2
720,6.71,bag 2
721,5.36,bag 2
722,4.02,bag 2
723,2.77,bag 2
724,2.01,bag 2
725,1.34,bag 2
726,0.94,bag 2
727,0.22,bag 2
728,0.22,bag 2
729,1.43,bag 2
730,2.91,bag 2
731,4.29,bag 2
732,5.59,bag 2
733,6.26,bag 2
734,7.15,bag 2
735,8.05,bag 2
736,8.76,bag 2
737,9.61,bag 2
738,10.33,bag 2
739,10.95,bag 2
740,11.40,bag 2
741,11.85,bag 2
742,12.11,bag 2
743,12.34,bag 2
744,12.47,bag 2
745,12.65,bag 2
746,12.79,bag 2
747,12.79,bag 2
748,12.65,bag 2
749,12.61,bag 2
750,12.52,bag 2
751,12.29,bag 2
752,11.98,bag 2
753,11.40,bag 2
754,10.51,bag 2
755,9.61,bag 2
756,8.49,bag 2
757,7.38,bag 2
758,6.66,bag 2
759,5.59,bag 2
760,4.20,bag 2
761,2.77,bag 2
762,1.34,bag 2
763,0.67,bag 2
764,0.67,bag 2
765,0.22,bag 2
766,0.00,bag 2
767,1.34,bag 2
768,2.82,bag 2
769,4.29,bag 2
770,5.77,bag 2
771,7.06,bag 2
772,7.82,bag 2
773,8.23,bag 2
774,8.72,bag 2
775,9.25,bag 2
776,9.84,bag 2
777,10.37,bag 2
778,11.18,bag 2
779,11.85,bag 2
780,12.29,bag 2
781,12.52,bag 2
782,12.65,bag 2
783,12.92,bag 2
784,12.92,bag 2
785,12.92,bag 2
786,12.88,bag 2
787,12.74,bag 2
788,12.65,bag 2
789,12.65,bag 2
790,12.65,bag 2
791,12.61,bag 2
792,12.34,bag 2
793,12.29,bag 2
794,12.29,bag 2
795,12.29,bag 2
796,12.29,bag 2
797,12.29,bag 2
798,12.29,bag 2
799,12.34,bag 2
800,12.52,bag 2
801,12.74,bag 2
802,13.41,bag 2
803,13.86,bag 2
804,14.31,bag 2
805,14.75,bag 2
806,14.75,bag 2
807,15.02,bag 2
808,15.20,bag 2
809,15.33,bag 2
810,15.29,bag 2
811,15.20,bag 2
812,15.20,bag 2
813,15.16,bag 2
814,15.02,bag 2
815,14.80,bag 2
816,14.75,bag 2
817,14.53,bag 2
818,14.31,bag 2
819,14.26,bag 2
820,14.13,bag 2
821,14.08,bag 2
822,13.68,bag 2
823,13.41,bag 2
824,13.37,bag 2
825,13.37,bag 2
826,13.37,bag 2
827,13.37,bag 2
828,13.23,bag 2
829,13.19,bag 2
830,13.19,bag 2
831,13.10,bag 2
832,12.92,bag 2
833,12.61,bag 2
834,12.38,bag 2
835,12.07,bag 2
836,11.40,bag 2
837,10.59,bag 2
838,9.84,bag 2
839,9.16,bag 2
840,8.58,bag 2
841,8.58,bag 2
842,8.99,bag 2
843,9.34,bag 2
844,9.57,bag 2
845,9.84,bag 2
846,10.10,bag 2
847,10.37,bag 2
848,10.73,bag 2
849,11.18,bag 2
850,11.62,bag 2
851,11.89,bag 2
852,11.89,bag 2
853,11.98,bag 2
854,12.07,bag 2
855,12.16,bag 2
856,12.43,bag 2
857,12.56,bag 2
858,12.88,bag 2
859,12.92,bag 2
860,12.96,bag 2
861,13.01,bag 2
862,12.96,bag 2
863,12.56,bag 2
864,12.29,bag 2
865,12.07,bag 2
866,11.53,bag 2
867,11.18,bag 2
868,10.95,bag 2
869,11.09,bag 2
870,11.22,bag 2
871,11.40,bag 2
872,11.49,bag 2
873,11.71,bag 2
874,12.03,bag 2
875,12.29,bag 2
876,12.43,bag 2
877,12.70,bag 2
878,12.96,bag 2
879,13.05,bag 2
880,13.01,bag 2
881,12.96,bag 2
882,12.92,bag 2
883,12.74,bag 2
884,12.56,bag 2
885,12.52,bag 2
886,12.52,bag 2
887,12.34,bag 2
888,12.16,bag 2
889,11.89,bag 2
890,12.07,bag 2
891,12.29,bag 2
892,12.43,bag 2
893,12.52,bag 2
894,12.43,bag 2
895,12.52,bag 2
896,12.52,bag 2
897,12.52,bag 2
898,12.38,bag 2
899,12.25,bag 2
900,12.03,bag 2
901,11.89,bag 2
902,11.85,bag 2
903,11.85,bag 2
904,11.85,bag 2
905,11.76,bag 2
906,11.71,bag 2
907,11.71,bag 2
908,11.58,bag 2
909,11.44,bag 2
910,11.44,bag 2
911,11.58,bag 2
912,11.53,bag 2
913,11.40,bag 2
914,11.00,bag 2
915,10.51,bag 2
916,9.93,bag 2
917,9.66,bag 2
918,9.66,bag 2
919,9.70,bag 2
920,10.10,bag 2
921,10.46,bag 2
922,10.73,bag 2
923,10.82,bag 2
924,10.91,bag 2
925,11.13,bag 2
926,11.22,bag 2
927,11.27,bag 2
928,11.31,bag 2
929,11.40,bag 2
930,11.27,bag 2
931,11.18,bag 2
932,11.18,bag 2
933,11.18,bag 2
934,11.04,bag 2
935,10.95,bag 2
936,10.86,bag 2
937,10.86,bag 2
938,10.95,bag 2
939,11.18,bag 2
940,11.18,bag 2
941,11.00,bag 2
942,11.00,bag 2
943,10.78,bag 2
944,10.95,bag 2
945,11.22,bag 2
946,11.44,bag 2
947,11.22,bag 2
948,10.73,bag 2
949,9.84,bag 2
950,8.99,bag 2
951,7.56,bag 2
952,6.08,bag 2
953,4.61,bag 2
954,3.13,bag 2
955,1.65,bag 2
956,0.18,bag 2
957,0.00,bag 2
958,0.00,bag 2
959,0.00,bag 2
960,0.89,bag 2
961,2.37,bag 2
962,3.84,bag 2
963,5.32,bag 2
964,6.79,bag 2
965,7.82,bag 2
966,8.31,bag 2
967,8.94,bag 2
968,9.43,bag 2
969,9.84,bag 2
970,10.28,bag 2
971,10.95,bag 2
972,11.76,bag 2
973,12.29,bag 2
974,12.56,bag 2
975,12.70,bag 2
976,12.74,bag 2
977,12.74,bag 2
978,12.74,bag 2
979,12.38,bag 2
980,12.29,bag 2
981,12.16,bag 2
982,11.98,bag 2
983,11.85,bag 2
984,11.62,bag 2
985,11.49,bag 2
986,11.27,bag 2
987,10.73,bag 2
988,9.84,bag 2
989,9.61,bag 2
990,9.61,bag 2
991,9.74,bag 2
992,10.06,bag 2
993,10.28,bag 2
994,10.19,bag 2
995,10.19,bag 2
996,10.28,bag 2
997,10.15,bag 2
998,10.15,bag 2
999,10.15,bag 2
1000,10.51,bag 2
1001,10.73,bag 2
1002,11.00,bag 2
1003,11.09,bag 2
1004,11.22,bag 2
1005,11.40,bag 2
1006,11.44,bag 2
1007,11.40,bag 2
1008,11.18,bag 2
1009,10.78,bag 2
1010,10.59,bag 2
1011,10.37,bag 2
1012,10.24,bag 2
1013,10.06,bag 2
1014,9.84,bag 2
1015,9.66,bag 2
1016,9.16,bag 2
1017,7.82,bag 2
1018,6.35,bag 2
1019,4.87,bag 2
1020,3.40,bag 2
1021,1.92,bag 2
1022,0.45,bag 2
1023,0.00,bag 2
1024,0.00,bag 2
1025,0.00,bag 2
1026,0.00,bag 2
1027,0.00,bag 2
1028,0.00,bag 2
1029,0.00,bag 2
1030,0.00,bag 2
1031,0.00,bag 2
1032,0.00,bag 2
1033,0.00,bag 2
1034,0.00,bag 2
1035,0.00,bag 2
1036,0.00,bag 2
1037,0.00,bag 2
1038,0.00,bag 2
1039,0.00,bag 2
1040,0.00,bag 2
1041,0.00,bag 2
1042,0.00,bag 2
1043,0.00,bag 2
1044,0.00,bag 2
1045,0.00,bag 2
1046,0.00,bag 2
1047,0.00,bag 2
1048,0.00,bag 2
1049,0.00,bag 2
1050,0.00,bag 2
1051,0.00,bag 2
1052,0.00,bag 2
1053,0.54,bag 2
1054,1.79,bag 2
1055,3.26,bag 2
1056,4.74,bag 2
1057,6.21,bag 2
1058,7.60,bag 2
1059,8.27,bag 2
1060,8.94,bag 2
1061,9.74,bag 2
1062,10.28,bag 2
1063,10.73,bag 2
1064,11.09,bag 2
1065,11.44,bag 2
1066,11.85,bag 2
1067,11.98,bag 2
1068,12.25,bag 2
1069,12.47,bag 2
1070,12.65,bag 2
1071,12.52,bag 2
1072,12.29,bag 2
1073,12.07,bag 2
1074,12.07,bag 2
1075,11.76,bag 2
1076,10.95,bag 2
1077,10.06,bag 2
1078,9.61,bag 2
1079,9.21,bag 2
1080,8.05,bag 2
1081,6.71,bag 2
1082,5.50,bag 2
1083,4.96,bag 2
1084,4.74,bag 2
1085,4.47,bag 2
1086,4.25,bag 2
1087,4.07,bag 2
1088,3.89,bag 2
1089,3.84,bag 2
1090,3.93,bag 2
1091,4.02,bag 2
1092,3.89,bag 2
1093,3.84,bag 2
1094,3.58,bag 2
1095,3.13,bag 2
1096,2.24,bag 2
1097,1.88,bag 2
1098,1.16,bag 2
1099,0.45,bag 2
1100,0.00,bag 2
1101,0.04,bag 2
1102,0.27,bag 2
1103,0.71,bag 2
1104,1.61,bag 2
1105,3.08,bag 2
1106,4.47,bag 2
1107,5.72,bag 2
1108,6.26,bag 2
1109,6.48,bag 2
1110,7.15,bag 2
1111,8.09,bag 2
1112,8.94,bag 2
1113,9.39,bag 2
1114,9.48,bag 2
1115,9.52,bag 2
1116,9.57,bag 2
1117,9.70,bag 2
1118,10.06,bag 2
1119,10.28,bag 2
1120,10.64,bag 2
1121,10.95,bag 2
1122,11.18,bag 2
1123,11.13,bag 2
1124,11.09,bag 2
1125,11.18,bag 2
1126,11.36,bag 2
1127,11.53,bag 2
1128,11.62,bag 2
1129,11.80,bag 2
1130,11.89,bag 2
1131,12.03,bag 2
1132,12.07,bag 2
1133,12.07,bag 2
1134,12.07,bag 2
1135,12.03,bag 2
1136,11.98,bag 2
1137,11.98,bag 2
1138,11.85,bag 2
1139,11.80,bag 2
1140,11.62,bag 2
1141,11.40,bag 2
1142,11.00,bag 2
1143,10.51,bag 2
1144,9.61,bag 2
1145,8.94,bag 2
1146,7.82,bag 2
1147,7.15,bag 2
1148,6.26,bag 2
1149,4.78,bag 2
1150,3.31,bag 2
1151,1.83,bag 2
1152,0.36,bag 2
1153,0.00,bag 2
1154,0.00,bag 2
1155,0.00,bag 2
1156,0.00,bag 2
1157,0.00,bag 2
1158,0.00,bag 2
1159,0.00,bag 2
1160,0.00,bag 2
1161,0.00,bag 2
1162,0.00,bag 2
1163,0.00,bag 2
1164,0.00,bag 2
1165,0.00,bag 2
1166,0.00,bag 2
1167,0.00,bag 2
1168,0.00,bag 2
1169,0.94,bag 2
1170,2.41,bag 2
1171,3.89,bag 2
1172,5.36,bag 2
1173,6.84,bag 2
1174,8.31,bag 2
1175,9.43,bag 2
1176,10.28,bag 2
1177,10.51,bag 2
1178,10.28,bag 2
1179,10.06,bag 2
1180,8.94,bag 2
1181,7.47,bag 2
1182,5.99,bag 2
1183,4.51,bag 2
1184,3.04,bag 2
1185,1.56,bag 2
1186,0.09,bag 2
1187,0.00,bag 2
1188,0.00,bag 2
1189,0.00,bag 2
1190,0.00,bag 2
1191,0.00,bag 2
1192,0.00,bag 2
1193,0.00,bag 2
1194,0.00,bag 2
1195,0.00,bag 2
1196,0.00,bag 2
1197,0.09,bag 2
1198,0.67,bag 2
1199,1.56,bag 2
1200,2.91,bag 2
1201,4.38,bag 2
1202,5.36,bag 2
1203,5.77,bag 2
1204,5.81,bag 2
1205,5.63,bag 2
1206,5.72,bag 2
1207,5.86,bag 2
1208,5.86,bag 2
1209,6.26,bag 2
1210,6.93,bag 2
1211,7.60,bag 2
1212,8.31,bag 2
1213,8.81,bag 2
1214,9.39,bag 2
1215,9.61,bag 2
1216,9.74,bag 2
1217,9.74,bag 2
1218,9.61,bag 2
1219,9.48,bag 2
1220,9.61,bag 2
1221,9.74,bag 2
1222,9.84,bag 2
1223,9.79,bag 2
1224,9.70,bag 2
1225,9.61,bag 2
1226,9.61,bag 2
1227,9.57,bag 2
1228,8.99,bag 2
1229,8.72,bag 2
1230,8.58,bag 2
1231,8.76,bag 2
1232,8.85,bag 2
1233,8.94,bag 2
1234,8.72,bag 2
1235,7.82,bag 2
1236,6.93,bag 2
1237,5.81,bag 2
1238,4.47,bag 2
1239,3.58,bag 2
1240,2.68,bag 2
1241,1.79,bag 2
1242,1.12,bag 2
1243,0.31,bag 2
1244,0.00,bag 2
1245,0.00,bag 2
1246,0.00,bag 2
1247,0.00,bag 2
1248,0.00,bag 2
1249,0.00,bag 2
1250,0.00,bag 2
1251,0.00,bag 2
1252,0.45,bag 2
1253,0.45,bag 2
1254,0.45,bag 2
1255,0.45,bag 2
1256,0.45,bag 2
1257,0.71,bag 2
1258,1.34,bag 2
1259,1.79,bag 2
1260,2.24,bag 2
1261,2.82,bag 2
1262,3.58,bag 2
1263,4.47,bag 2
1264,4.69,bag 2
1265,4.25,bag 2
1266,3.80,bag 2
1267,3.40,bag 2
1268,3.93,bag 2
1269,4.92,bag 2
1270,6.26,bag 2
1271,7.60,bag 2
1272,8.72,bag 2
1273,9.39,bag 2
1274,9.74,bag 2
1275,9.93,bag 2
1276,10.28,bag 2
1277,10.55,bag 2
1278,10.78,bag 2
1279,10.95,bag 2
1280,10.95,bag 2
1281,10.73,bag 2
1282,10.51,bag 2
1283,10.51,bag 2
1284,10.51,bag 2
1285,10.51,bag 2
1286,10.51,bag 2
1287,10.51,bag 2
1288,10.73,bag 2
1289,10.78,bag 2
1290,10.95,bag 2
1291,11.04,bag 2
1292,11.18,bag 2
1293,11.36,bag 2
1294,11.44,bag 2
1295,11.49,bag 2
1296,11.62,bag 2
1297,11.71,bag 2
1298,12.07,bag 2
1299,12.43,bag 2
1300,12.65,bag 2
1301,12.96,bag 2
1302,13.01,bag 2
1303,12.96,bag 2
1304,12.52,bag 2
1305,11.04,bag 2
1306,9.57,bag 2
1307,8.09,bag 2
1308,6.62,bag 2
1309,5.14,bag 2
1310,3.67,bag 2
1311,2.19,bag 2
1312,0.71,bag 2
1313,0.00,bag 2
1314,0.00,bag 2
1315,0.00,bag 2
1316,0.00,bag 2
1317,0.00,bag 2
1318,0.00,bag 2
1319,0.00,bag 2
1320,0.00,bag 2
1321,0.00,bag 2
1322,0.00,bag 2
1323,0.00,bag 2
1324,0.00,bag 2
1325,0.00,bag 2
1326,0.00,bag 2
1327,0.00,bag 2
1328,0.00,bag 2
1329,0.00,bag 2
1330,0.00,bag 2
1331,0.00,bag 2
1332,0.00,bag 2
1333,0.00,bag 2
1334,0.00,bag 2
1335,0.00,bag 2
1336,0.00,bag 2
1337,0.00,bag 2
1338,0.67,bag 2
1339,2.14,bag 2
1340,3.62,bag 2
1341,5.10,bag 2
1342,5.90,bag 2
1343,6.75,bag 2
1344,7.51,bag 2
1345,8.18,bag 2
1346,8.72,bag 2
1347,9.08,bag 2
1348,9.52,bag 2
1349,9.79,bag 2
1350,9.88,bag 2
1351,10.01,bag 2
1352,9.84,bag 2
1353,9.66,bag 2
1354,9.43,bag 2
1355,9.16,bag 2
1356,8.94,bag 2
1357,8.76,bag 2
1358,8.27,bag 2
1359,7.82,bag 2
1360,7.38,bag 2
1361,6.93,bag 2
1362,6.26,bag 2
1363,4.92,bag 2
1364,3.58,bag 2
1365,2.33,bag 2
1366,1.12,bag 2
1367,0.00,bag 2
1368,0.00,bag 2
1369,0.00,bag 2
1370,0.00,bag 2
1371,0.00,bag 2
1372,0.00,bag 2
1380,0.00,HWFET
1381,0.00,HWFET
1382,0.00,HWFET
1383,0.89,HWFET
1384,2.19,HWFET
1385,3.62,HWFET
1386,5.05,HWFET
1387,6.48,HWFET
1388,7.73,HWFET
1389,8.76,HWFET
1390,9.75,HWFET
1391,10.73,HWFET
1392,11.53,HWFET
1393,12.11,HWFET
1394,12.52,HWFET
1395,12.96,HWFET
1396,13.41,HWFET
1397,13.72,HWFET
1398,14.08,HWFET
1399,14.39,HWFET
1400,14.71,HWFET
1401,14.98,HWFET
1402,15.24,HWFET
1403,15.47,HWFET
1404,15.60,HWFET
1405,15.69,HWFET
1406,15.96,HWFET
1407,16.05,HWFET
1408,16.00,HWFET
1409,15.78,HWFET
1410,15.60,HWFET
1411,15.42,HWFET
1412,15.47,HWFET
1413,15.56,HWFET
1414,15.69,HWFET
1415,15.96,HWFET
1416,16.14,HWFET
1417,16.18,HWFET
1418,16.32,HWFET
1419,16.41,HWFET
1420,16.50,HWFET
1421,16.54,HWFET
1422,16.54,HWFET
1423,16.54,HWFET
1424,16.54,HWFET
1425,16.54,HWFET
1426,16.54,HWFET
1427,16.59,HWFET
1428,16.67,HWFET
1429,16.90,HWFET
1430,17.26,HWFET
1431,17.57,HWFET
1432,17.88,HWFET
1433,18.19,HWFET
1434,18.51,HWFET
1435,18.87,HWFET
1436,19.18,HWFET
1437,19.45,HWFET
1438,19.67,HWFET
1439,19.80,HWFET
1440,19.89,HWFET
1441,20.03,HWFET
1442,20.07,HWFET
1443,20.12,HWFET
1444,20.16,HWFET
1445,20.30,HWFET
1446,20.43,HWFET
1447,20.56,HWFET
1448,20.70,HWFET
1449,20.79,HWFET
1450,20.92,HWFET
1451,20.97,HWFET
1452,21.01,HWFET
1453,21.06,HWFET
1454,21.10,HWFET
1455,21.14,HWFET
1456,21.10,HWFET
1457,21.06,HWFET
1458,21.01,HWFET
1459,20.97,HWFET
1460,20.97,HWFET
1461,20.97,HWFET
1462,21.01,HWFET
1463,21.06,HWFET
1464,21.06,HWFET
1465,21.10,HWFET
1466,21.06,HWFET
1467,21.01,HWFET
1468,20.97,HWFET
1469,20.79,HWFET
1470,20.70,HWFET
1471,20.65,HWFET
1472,20.70,HWFET
1473,20.79,HWFET
1474,20.97,HWFET
1475,21.06,HWFET
1476,21.19,HWFET
1477,21.32,HWFET
1478,21.46,HWFET
1479,21.55,HWFET
1480,21.68,HWFET
1481,21.82,HWFET
1482,21.95,HWFET
1483,21.99,HWFET
1484,21.95,HWFET
1485,21.95,HWFET
1486,21.90,HWFET
1487,21.90,HWFET
1488,21.95,HWFET
1489,21.99,HWFET
1490,22.04,HWFET
1491,22.08,HWFET
1492,22.13,HWFET
1493,22.13,HWFET
1494,22.13,HWFET
1495,22.08,HWFET
1496,21.95,HWFET
1497,21.86,HWFET
1498,21.73,HWFET
1499,21.64,HWFET
1500,21.50,HWFET
1501,21.32,HWFET
1502,21.19,HWFET
1503,21.14,HWFET
1504,21.23,HWFET
1505,21.37,HWFET
1506,21.41,HWFET
1507,21.46,HWFET
1508,21.41,HWFET
1509,21.41,HWFET
1510,21.41,HWFET
1511,21.46,HWFET
1512,21.46,HWFET
1513,21.46,HWFET
1514,21.41,HWFET
1515,21.14,HWFET
1516,20.56,HWFET
1517,19.36,HWFET
1518,18.42,HWFET
1519,17.66,HWFET
1520,17.52,HWFET
1521,17.43,HWFET
1522,17.43,HWFET
1523,17.48,HWFET
1524,17.66,HWFET
1525,17.93,HWFET
1526,18.33,HWFET
1527,18.78,HWFET
1528,19.27,HWFET
1529,19.54,HWFET
1530,19.71,HWFET
1531,19.80,HWFET
1532,19.85,HWFET
1533,19.94,HWFET
1534,19.98,HWFET
1535,20.07,HWFET
1536,20.21,HWFET
1537,20.43,HWFET
1538,20.52,HWFET
1539,20.70,HWFET
1540,20.92,HWFET
1541,20.97,HWFET
1542,21.01,HWFET
1543,21.06,HWFET
1544,21.28,HWFET
1545,21.41,HWFET
1546,21.46,HWFET
1547,21.46,HWFET
1548,21.41,HWFET
1549,21.37,HWFET
1550,21.14,HWFET
1551,20.88,HWFET
1552,20.65,HWFET
1553,20.52,HWFET
1554,20.43,HWFET
1555,20.34,HWFET
1556,20.30,HWFET
1557,20.25,HWFET
1558,20.12,HWFET
1559,19.67,HWFET
1560,19.27,HWFET
1561,18.87,HWFET
1562,18.55,HWFET
1563,18.55,HWFET
1564,18.82,HWFET
1565,19.18,HWFET
1566,19.45,HWFET
1567,19.63,HWFET
1568,19.49,HWFET
1569,19.36,HWFET
1570,19.22,HWFET
1571,19.27,HWFET
1572,19.40,HWFET
1573,19.63,HWFET
1574,19.80,HWFET
1575,19.94,HWFET
1576,20.07,HWFET
1577,20.03,HWFET
1578,19.85,HWFET
1579,19.63,HWFET
1580,19.40,HWFET
1581,19.31,HWFET
1582,19.31,HWFET
1583,19.27,HWFET
1584,19.22,HWFET
1585,19.22,HWFET
1586,19.27,HWFET
1587,19.40,HWFET
1588,19.63,HWFET
1589,19.67,HWFET
1590,19.45,HWFET
1591,19.04,HWFET
1592,18.55,HWFET
1593,18.19,HWFET
1594,17.88,HWFET
1595,17.88,HWFET
1596,18.02,HWFET
1597,18.33,HWFET
1598,18.78,HWFET
1599,19.09,HWFET
1600,19.27,HWFET
1601,19.31,HWFET
1602,19.40,HWFET
1603,19.63,HWFET
1604,19.80,HWFET
1605,19.98,HWFET
1606,20.16,HWFET
1607,20.30,HWFET
1608,20.47,HWFET
1609,20.79,HWFET
1610,20.97,HWFET
1611,21.10,HWFET
1612,21.19,HWFET
1613,21.14,HWFET
1614,21.14,HWFET
1615,21.10,HWFET
1616,21.10,HWFET
1617,21.10,HWFET
1618,21.06,HWFET
1619,21.01,HWFET
1620,21.01,HWFET
1621,20.97,HWFET
1622,20.92,HWFET
1623,20.97,HWFET
1624,21.01,HWFET
1625,21.10,HWFET
1626,21.23,HWFET
1627,21.41,HWFET
1628,21.46,HWFET
1629,21.46,HWFET
1630,21.46,HWFET
1631,21.46,HWFET
1632,21.46,HWFET
1633,21.50,HWFET
1634,21.55,HWFET
1635,21.55,HWFET
1636,21.50,HWFET
1637,21.73,HWFET
1638,21.86,HWFET
1639,21.95,HWFET
1640,21.95,HWFET
1641,21.95,HWFET
1642,21.95,HWFET
1643,21.95,HWFET
1644,21.90,HWFET
1645,21.86,HWFET
1646,21.55,HWFET
1647,21.32,HWFET
1648,21.23,HWFET
1649,21.10,HWFET
1650,20.88,HWFET
1651,20.65,HWFET
1652,20.56,HWFET
1653,20.47,HWFET
1654,20.39,HWFET
1655,20.30,HWFET
1656,20.21,HWFET
1657,20.12,HWFET
1658,19.98,HWFET
1659,19.89,HWFET
1660,19.76,HWFET
1661,19.45,HWFET
1662,19.13,HWFET
1663,18.78,HWFET
1664,17.93,HWFET
1665,17.26,HWFET
1666,16.76,HWFET
1667,16.00,HWFET
1668,15.51,HWFET
1669,15.20,HWFET
1670,14.89,HWFET
1671,14.53,HWFET
1672,14.17,HWFET
1673,13.68,HWFET
1674,13.23,HWFET
1675,12.87,HWFET
1676,12.70,HWFET
1677,12.79,HWFET
1678,13.19,HWFET
1679,14.04,HWFET
1680,14.93,HWFET
1681,15.91,HWFET
1682,16.76,HWFET
1683,17.48,HWFET
1684,17.97,HWFET
1685,18.37,HWFET
1686,18.69,HWFET
1687,18.95,HWFET
1688,19.13,HWFET
1689,19.36,HWFET
1690,19.58,HWFET
1691,19.80,HWFET
1692,19.98,HWFET
1693,20.12,HWFET
1694,20.21,HWFET
1695,20.30,HWFET
1696,20.34,HWFET
1697,20.47,HWFET
1698,20.56,HWFET
1699,20.61,HWFET
1700,20.79,HWFET
1701,20.92,HWFET
1702,21.06,HWFET
1703,21.32,HWFET
1704,21.59,HWFET
1705,21.90,HWFET
1706,22.22,HWFET
1707,22.49,HWFET
1708,22.80,HWFET
1709,23.11,HWFET
1710,23.42,HWFET
1711,23.74,HWFET
1712,24.05,HWFET
1713,24.36,HWFET
1714,24.68,HWFET
1715,24.94,HWFET
1716,25.21,HWFET
1717,25.44,HWFET
1718,25.48,HWFET
1719,25.53,HWFET
1720,25.62,HWFET
1721,25.75,HWFET
1722,25.84,HWFET
1723,25.93,HWFET
1724,25.97,HWFET
1725,26.11,HWFET
1726,26.24,HWFET
1727,26.29,HWFET
1728,26.33,HWFET
1729,26.38,HWFET
1730,26.38,HWFET
1731,26.33,HWFET
1732,26.29,HWFET
1733,26.20,HWFET
1734,26.11,HWFET
1735,26.02,HWFET
1736,25.97,HWFET
1737,25.93,HWFET
1738,25.88,HWFET
1739,25.75,HWFET
1740,25.66,HWFET
1741,25.57,HWFET
1742,25.53,HWFET
1743,25.48,HWFET
1744,25.48,HWFET
1745,25.44,HWFET
1746,25.44,HWFET
1747,25.44,HWFET
1748,25.48,HWFET
1749,25.48,HWFET
1750,25.48,HWFET
1751,25.48,HWFET
1752,25.48,HWFET
1753,25.48,HWFET
1754,25.48,HWFET
1755,25.48,HWFET
1756,25.48,HWFET
1757,25.44,HWFET
1758,25.39,HWFET
1759,25.26,HWFET
1760,25.12,HWFET
1761,25.03,HWFET
1762,25.03,HWFET
1763,25.03,HWFET
1764,25.08,HWFET
1765,25.21,HWFET
1766,25.35,HWFET
1767,25.44,HWFET
1768,25.53,HWFET
1769,25.62,HWFET
1770,25.66,HWFET
1771,25.66,HWFET
1772,25.57,HWFET
1773,25.48,HWFET
1774,25.44,HWFET
1775,25.30,HWFET
1776,25.17,HWFET
1777,25.08,HWFET
1778,25.21,HWFET
1779,25.35,HWFET
1780,25.53,HWFET
1781,25.70,HWFET
1782,25.84,HWFET
1783,25.93,HWFET
1784,25.93,HWFET
1785,25.93,HWFET
1786,25.93,HWFET
1787,25.93,HWFET
1788,25.93,HWFET
1789,25.88,HWFET
1790,25.84,HWFET
1791,25.79,HWFET
1792,25.79,HWFET
1793,25.84,HWFET
1794,25.88,HWFET
1795,25.93,HWFET
1796,25.97,HWFET
1797,26.11,HWFET
1798,26.33,HWFET
1799,26.42,HWFET
1800,26.55,HWFET
1801,26.73,HWFET
1802,26.78,HWFET
1803,26.78,HWFET
1804,26.73,HWFET
1805,26.64,HWFET
1806,26.55,HWFET
1807,26.46,HWFET
1808,26.42,HWFET
1809,26.38,HWFET
1810,26.33,HWFET
1811,26.24,HWFET
1812,26.20,HWFET
1813,26.15,HWFET
1814,26.11,HWFET
1815,26.11,HWFET
1816,26.06,HWFET
1817,26.02,HWFET
1818,25.97,HWFET
1819,25.93,HWFET
1820,25.88,HWFET
1821,25.88,HWFET
1822,25.88,HWFET
1823,25.88,HWFET
1824,25.88,HWFET
1825,25.93,HWFET
1826,25.97,HWFET
1827,25.97,HWFET
1828,26.02,HWFET
1829,26.02,HWFET
1830,26.02,HWFET
1831,25.97,HWFET
1832,25.93,HWFET
1833,25.93,HWFET
1834,25.93,HWFET
1835,25.93,HWFET
1836,25.93,HWFET
1837,25.93,HWFET
1838,25.88,HWFET
1839,25.88,HWFET
1840,25.93,HWFET
1841,25.97,HWFET
1842,25.97,HWFET
1843,26.02,HWFET
1844,26.06,HWFET
1845,26.06,HWFET
1846,26.06,HWFET
1847,26.02,HWFET
1848,25.97,HWFET
1849,25.93,HWFET
1850,25.84,HWFET
1851,25.70,HWFET
1852,25.53,HWFET
1853,25.48,HWFET
1854,25.30,HWFET
1855,25.08,HWFET
1856,25.03,HWFET
1857,24.94,HWFET
1858,24.81,HWFET
1859,24.68,HWFET
1860,24.63,HWFET
1861,24.59,HWFET
1862,24.54,HWFET
1863,24.54,HWFET
1864,24.54,HWFET
1865,24.54,HWFET
1866,24.54,HWFET
1867,24.54,HWFET
1868,24.59,HWFET
1869,24.59,HWFET
1870,24.59,HWFET
1871,24.59,HWFET
1872,24.59,HWFET
1873,24.59,HWFET
1874,24.63,HWFET
1875,24.63,HWFET
1876,24.59,HWFET
1877,24.54,HWFET
1878,24.54,HWFET
1879,24.50,HWFET
1880,24.45,HWFET
1881,24.41,HWFET
1882,24.32,HWFET
1883,24.27,HWFET
1884,24.27,HWFET
1885,24.23,HWFET
1886,24.18,HWFET
1887,24.18,HWFET
1888,24.18,HWFET
1889,24.14,HWFET
1890,24.14,HWFET
1891,24.14,HWFET
1892,24.14,HWFET
1893,24.14,HWFET
1894,24.14,HWFET
1895,24.14,HWFET
1896,24.14,HWFET
1897,24.18,HWFET
1898,24.23,HWFET
1899,24.36,HWFET
1900,24.50,HWFET
1901,24.54,HWFET
1902,24.59,HWFET
1903,24.63,HWFET
1904,24.68,HWFET
1905,24.68,HWFET
1906,24.72,HWFET
1907,24.77,HWFET
1908,24.81,HWFET
1909,24.86,HWFET
1910,24.90,HWFET
1911,24.94,HWFET
1912,24.99,HWFET
1913,25.03,HWFET
1914,25.03,HWFET
1915,25.03,HWFET
1916,25.03,HWFET
1917,25.03,HWFET
1918,25.03,HWFET
1919,25.03,HWFET
1920,25.03,HWFET
1921,25.03,HWFET
1922,25.03,HWFET
1923,25.03,HWFET
1924,25.03,HWFET
1925,25.03,HWFET
1926,25.03,HWFET
1927,24.99,HWFET
1928,24.99,HWFET
1929,24.99,HWFET
1930,24.94,HWFET
1931,24.86,HWFET
1932,24.77,HWFET
1933,24.68,HWFET
1934,24.63,HWFET
1935,24.59,HWFET
1936,24.54,HWFET
1937,24.41,HWFET
1938,24.32,HWFET
1939,24.23,HWFET
1940,24.18,HWFET
1941,24.05,HWFET
1942,23.87,HWFET
1943,23.83,HWFET
1944,23.74,HWFET
1945,23.65,HWFET
1946,23.51,HWFET
1947,23.42,HWFET
1948,23.34,HWFET
1949,23.29,HWFET
1950,23.25,HWFET
1951,23.25,HWFET
1952,23.25,HWFET
1953,23.25,HWFET
1954,23.29,HWFET
1955,23.25,HWFET
1956,23.25,HWFET
1957,23.20,HWFET
1958,23.07,HWFET
1959,22.98,HWFET
1960,22.84,HWFET
1961,22.66,HWFET
1962,22.49,HWFET
1963,22.26,HWFET
1964,22.04,HWFET
1965,21.77,HWFET
1966,21.55,HWFET
1967,21.50,HWFET
1968,21.46,HWFET
1969,21.46,HWFET
1970,21.50,HWFET
1971,21.64,HWFET
1972,21.86,HWFET
1973,21.90,HWFET
1974,21.95,HWFET
1975,21.95,HWFET
1976,21.90,HWFET
1977,21.90,HWFET
1978,21.86,HWFET
1979,21.73,HWFET
1980,21.59,HWFET
1981,21.46,HWFET
1982,21.41,HWFET
1983,21.37,HWFET
1984,21.32,HWFET
1985,21.41,HWFET
1986,21.59,HWFET
1987,21.90,HWFET
1988,21.95,HWFET
1989,21.90,HWFET
1990,21.86,HWFET
1991,21.46,HWFET
1992,21.06,HWFET
1993,20.65,HWFET
1994,20.61,HWFET
1995,20.61,HWFET
1996,20.65,HWFET
1997,20.97,HWFET
1998,21.37,HWFET
1999,21.90,HWFET
2000,22.22,HWFET
2001,22.62,HWFET
2002,23.02,HWFET
2003,23.34,HWFET
2004,23.56,HWFET
2005,23.69,HWFET
2006,23.96,HWFET
2007,24.14,HWFET
2008,24.18,HWFET
2009,24.32,HWFET
2010,24.45,HWFET
2011,24.63,HWFET
2012,24.77,HWFET
2013,24.77,HWFET
2014,24.59,HWFET
2015,24.36,HWFET
2016,23.96,HWFET
2017,23.47,HWFET
2018,22.44,HWFET
2019,21.55,HWFET
2020,20.79,HWFET
2021,20.65,HWFET
2022,20.56,HWFET
2023,20.56,HWFET
2024,20.70,HWFET
2025,20.92,HWFET
2026,21.23,HWFET
2027,21.55,HWFET
2028,21.82,HWFET
2029,22.13,HWFET
2030,22.44,HWFET
2031,22.66,HWFET
2032,22.84,HWFET
2033,23.11,HWFET
2034,23.34,HWFET
2035,23.47,HWFET
2036,23.29,HWFET
2037,23.07,HWFET
2038,22.84,HWFET
2039,22.80,HWFET
2040,22.80,HWFET
2041,22.84,HWFET
2042,22.98,HWFET
2043,23.11,HWFET
2044,23.25,HWFET
2045,23.34,HWFET
2046,23.47,HWFET
2047,23.60,HWFET
2048,23.56,HWFET
2049,23.51,HWFET
2050,23.38,HWFET
2051,23.38,HWFET
2052,23.42,HWFET
2053,23.47,HWFET
2054,23.56,HWFET
2055,23.56,HWFET
2056,23.42,HWFET
2057,23.29,HWFET
2058,23.11,HWFET
2059,22.84,HWFET
2060,22.58,HWFET
2061,22.40,HWFET
2062,22.26,HWFET
2063,22.22,HWFET
2064,22.17,HWFET
2065,22.13,HWFET
2066,22.13,HWFET
2067,22.22,HWFET
2068,22.35,HWFET
2069,22.44,HWFET
2070,22.62,HWFET
2071,22.84,HWFET
2072,23.07,HWFET
2073,23.20,HWFET
2074,23.25,HWFET
2075,23.29,HWFET
2076,23.42,HWFET
2077,23.65,HWFET
2078,23.83,HWFET
2079,24.01,HWFET
2080,24.23,HWFET
2081,24.36,HWFET
2082,24.50,HWFET
2083,24.59,HWFET
2084,24.81,HWFET
2085,24.99,HWFET
2086,25.08,HWFET
2087,25.17,HWFET
2088,25.21,HWFET
2089,25.26,HWFET
2090,25.35,HWFET
2091,25.44,HWFET
2092,25.48,HWFET
2093,25.62,HWFET
2094,25.79,HWFET
2095,26.02,HWFET
2096,26.29,HWFET
2097,26.42,HWFET
2098,26.46,HWFET
2099,26.42,HWFET
2100,26.29,HWFET
2101,26.15,HWFET
2102,25.97,HWFET
2103,25.79,HWFET
2104,25.62,HWFET
2105,25.53,HWFET
2106,25.39,HWFET
2107,25.26,HWFET
2108,25.12,HWFET
2109,24.81,HWFET
2110,24.41,HWFET
2111,24.18,HWFET
2112,24.01,HWFET
2113,23.78,HWFET
2114,23.65,HWFET
2115,23.47,HWFET
2116,23.25,HWFET
2117,22.93,HWFET
2118,22.58,HWFET
2119,22.13,HWFET
2120,21.68,HWFET
2121,21.28,HWFET
2122,20.92,HWFET
2123,20.39,HWFET
2124,19.76,HWFET
2125,19.00,HWFET
2126,17.52,HWFET
2127,16.05,HWFET
2128,14.57,HWFET
2129,13.10,HWFET
2130,11.98,HWFET
2131,10.95,HWFET
2132,9.61,HWFET
2133,8.72,HWFET
2134,7.78,HWFET
2135,6.75,HWFET
2136,5.54,HWFET
2137,4.34,HWFET
2138,3.13,HWFET
2139,2.24,HWFET
2140,1.48,HWFET
2141,0.89,HWFET
2142,0.31,HWFET
2143,0.00,HWFET
2144,0.00,HWFET
2145,0.00,HWFET
